"First name","Last name","Email address"
Trey,Dettmer,dettmer23@up.edu
Garrett,Inouye,inouyeg23@up.edu
Axl,Martinez-Ibarra,martinea23@up.edu
Marc,Morreale,morreale23@up.edu
Audrey,Sauter,sauter23@up.edu
Francisco,Nguyen,nguyenf23@up.edu
Blake,Nygren,nygren23@up.edu
Jordan,Nakamura,nakamurj23@up.edu
"Alex John",Quijano,quijano@up.edu
